Date,QQQ
2015-01-02,94.6650619506836
2015-01-05,93.27648162841797
2015-01-06,92.0257339477539
2015-01-07,93.21208953857422
2015-01-08,94.9961166381836
2015-01-09,94.37077331542969
2015-01-12,93.3868179321289
2015-01-13,93.35920715332031
2015-01-14,92.84424591064453
2015-01-15,91.63955688476562
2015-01-16,92.7154769897461
2015-01-20,93.45118713378906
2015-01-21,93.92937469482422
2015-01-22,95.66742706298828
2015-01-23,95.87895965576172
2015-01-26,95.76861572265625
2015-01-27,93.28564453125
2015-01-28,92.80746459960938
2015-01-29,93.69947814941406
2015-01-30,92.97297668457031
2015-02-02,93.78223419189453
2015-02-03,94.68345642089844
2015-02-04,94.60067749023438
2015-02-05,95.4191665649414
2015-02-06,94.83980560302734
2015-02-09,94.53633117675781
2015-02-10,96.00769805908203
2015-02-11,96.35716247558594
2015-02-12,97.47907257080078
2015-02-13,98.31592559814453
2015-02-17,98.40790557861328
2015-02-18,98.54584503173828
2015-02-19,99.03324127197266
2015-02-20,99.69536590576172
2015-02-23,99.79652404785156
2015-02-24,99.87007904052734
2015-02-25,99.6218032836914
2015-02-26,100.12757110595703
2015-02-27,99.68614959716797
2015-03-02,100.5873794555664
2015-03-03,100.11837005615234
2015-03-04,99.73216247558594
2015-03-05,99.90685272216797
2015-03-06,98.77574157714844
2015-03-09,99.06082916259766
2015-03-10,97.2215805053711
2015-03-11,96.66064453125
2015-03-12,97.295166015625
2015-03-13,96.87213897705078
2015-03-16,98.12283325195312
2015-03-17,98.27916717529297
2015-03-18,99.24472045898438
2015-03-19,99.39187622070312
2015-03-20,100.03526306152344
2015-03-23,99.84170532226562
2015-03-24,99.48221588134766
2015-03-25,97.2055435180664
2015-03-26,96.87373352050781
2015-03-27,97.26082611083984
2015-03-30,98.37613677978516
2015-03-31,97.33457946777344
2015-04-01,96.82762145996094
2015-04-02,96.89214324951172
2015-04-06,97.68486785888672
2015-04-07,97.51893615722656
2015-04-08,98.29315948486328
2015-04-09,98.91075134277344
2015-04-10,99.31631469726562
2015-04-13,99.06745147705078
2015-04-14,98.78168487548828
2015-04-15,99.39925384521484
2015-04-16,99.26097869873047
2015-04-17,97.71249389648438
2015-04-20,99.17801666259766
2015-04-21,99.60203552246094
2015-04-22,100.14585876464844
2015-04-23,100.52375793457031
2015-04-24,101.887939453125
2015-04-27,101.62980651855469
2015-04-28,101.42706298828125
2015-04-29,100.79106903076172
2015-04-30,99.2056884765625
2015-05-01,100.5145492553711
2015-05-04,100.68046569824219
2015-05-05,99.03976440429688
2015-05-06,98.35771942138672
2015-05-07,98.94757843017578
2015-05-08,100.1827163696289
2015-05-11,99.79559326171875
2015-05-12,99.34392547607422
2015-05-13,99.54674530029297
2015-05-14,101.00304412841797
2015-05-15,101.00304412841797
2015-05-18,101.44546508789062
2015-05-19,101.33486938476562
2015-05-20,101.39940643310547
2015-05-21,101.9248046875
2015-05-22,101.82339477539062
2015-05-26,100.65279388427734
2015-05-27,102.2750473022461
2015-05-28,102.04461669921875
2015-05-29,101.43626403808594
2015-06-01,101.77732849121094
2015-06-02,101.4547119140625
2015-06-03,101.7588882446289
2015-06-04,100.98462677001953
2015-06-05,100.7449951171875
2015-06-08,99.72187042236328
2015-06-09,99.55592346191406
2015-06-10,100.92011260986328
2015-06-11,101.06755828857422
2015-06-12,100.23802947998047
2015-06-15,99.74031066894531
2015-06-16,100.28411865234375
2015-06-17,100.56063842773438
2015-06-18,102.02619171142578
2015-06-19,101.52174377441406
2015-06-22,102.27006530761719
2015-06-23,102.35323333740234
2015-06-24,101.82661437988281
2015-06-25,101.62338256835938
2015-06-26,100.9489974975586
2015-06-29,98.5654525756836
2015-06-30,98.9165267944336
2015-07-01,99.70177459716797
2015-07-02,99.72948455810547
2015-07-06,99.49855041503906
2015-07-07,99.74797058105469
2015-07-08,98.0111083984375
2015-07-09,97.95571899414062
2015-07-10,99.45233917236328
2015-07-13,101.19841766357422
2015-07-14,101.86356353759766
2015-07-15,101.97442626953125
2015-07-16,103.41565704345703
2015-07-17,104.93997955322266
2015-07-20,105.30033111572266
2015-07-21,105.23563385009766
2015-07-22,104.04386901855469
2015-07-23,103.6558609008789
2015-07-24,102.63961029052734
2015-07-27,101.78965759277344
2015-07-28,102.66730499267578
2015-07-29,103.05535888671875
2015-07-30,103.54498291015625
2015-07-31,103.42488098144531
2015-08-03,103.10154724121094
2015-08-04,102.90751647949219
2015-08-05,103.70204162597656
2015-08-06,102.03912353515625
2015-08-07,101.90977478027344
2015-08-10,103.0738296508789
2015-08-11,101.75273895263672
2015-08-12,102.10377502441406
2015-08-13,101.93749237060547
2015-08-14,102.09455108642578
2015-08-17,102.94448852539062
2015-08-18,102.41790008544922
2015-08-19,101.74349212646484
2015-08-20,98.92573547363281
2015-08-21,94.60212707519531
2015-08-24,90.96216583251953
2015-08-25,90.62033081054688
2015-08-26,95.18417358398438
2015-08-27,97.59540557861328
2015-08-28,97.57696533203125
2015-08-31,96.36666870117188
2015-09-01,93.35494995117188
2015-09-02,95.98792266845703
2015-09-03,95.51673889160156
2015-09-04,94.38041687011719
2015-09-08,97.04110717773438
2015-09-09,95.95094299316406
2015-09-10,96.99490356445312
2015-09-11,97.53073120117188
2015-09-14,97.23511505126953
2015-09-15,98.38066101074219
2015-09-16,98.93498992919922
2015-09-17,98.97193908691406
2015-09-18,97.56427001953125
2015-09-21,97.86988067626953
2015-09-22,96.40666961669922
2015-09-23,96.48075103759766
2015-09-24,96.12883758544922
2015-09-25,95.3138427734375
2015-09-28,92.60038757324219
2015-09-29,92.11881256103516
2015-09-30,94.23958587646484
2015-10-01,94.66558837890625
2015-10-02,96.32330322265625
2015-10-05,97.70320892333984
2015-10-06,97.24015045166016
2015-10-07,97.8235855102539
2015-10-08,98.21255493164062
2015-10-09,98.65706634521484
2015-10-12,98.89788055419922
2015-10-13,98.25885772705078
2015-10-14,98.10140228271484
2015-10-15,99.71283721923828
2015-10-16,100.12958526611328
2015-10-19,100.7037582397461
2015-10-20,100.18512725830078
2015-10-21,99.57389831542969
2015-10-22,101.60204315185547
2015-10-23,104.44517517089844
2015-10-26,104.50997161865234
2015-10-27,104.7230224609375
2015-10-28,105.59354400634766
2015-10-29,105.42682647705078
2015-10-30,104.95453643798828
2015-11-02,106.13993072509766
2015-11-03,106.51038360595703
2015-11-04,106.51964569091797
2015-11-05,106.23253631591797
2015-11-06,106.30665588378906
2015-11-09,105.1767807006836
2015-11-10,104.908203125
2015-11-11,104.778564453125
2015-11-12,103.75987243652344
2015-11-13,101.72245025634766
2015-11-16,103.18569946289062
2015-11-17,103.2505111694336
2015-11-18,105.23234558105469
2015-11-19,105.30642700195312
2015-11-20,106.01953125
2015-11-23,105.71392059326172
2015-11-24,105.6213150024414
2015-11-25,105.71392059326172
2015-11-27,105.86209106445312
2015-11-30,105.59354400634766
2015-12-01,106.6492919921875
2015-12-02,105.99176025390625
2015-12-03,104.19511413574219
2015-12-04,106.63078308105469
2015-12-07,106.1491928100586
2015-12-08,106.15846252441406
2015-12-09,104.54702758789062
2015-12-10,105.01934814453125
2015-12-11,102.60224914550781
2015-12-14,103.3801498413086
2015-12-15,104.00991821289062
2015-12-16,105.5564956665039
2015-12-17,104.01918029785156
2015-12-18,102.02383422851562
2015-12-21,103.15711212158203
2015-12-22,103.8352279663086
2015-12-23,104.60623931884766
2015-12-24,104.58765411376953
2015-12-28,104.53193664550781
2015-12-29,106.17613220214844
2015-12-30,105.2193374633789
2015-12-31,103.9095458984375
2016-01-04,101.71726989746094
2016-01-05,101.54078674316406
2016-01-06,100.56542205810547
2016-01-07,97.41637420654297
2016-01-08,96.61748504638672
2016-01-11,96.91474914550781
2016-01-12,98.03875732421875
2016-01-13,94.657470703125
2016-01-14,96.6731948852539
2016-01-15,93.67280578613281
2016-01-19,93.87716674804688
2016-01-20,93.58917236328125
2016-01-21,93.68207550048828
2016-01-22,96.3945541381836
2016-01-25,94.9640121459961
2016-01-26,95.818603515625
2016-01-27,93.4312515258789
2016-01-28,94.75033569335938
2016-01-29,96.72897338867188
2016-02-01,96.98908996582031
2016-02-02,94.88967895507812
2016-02-03,94.43453216552734
2016-02-04,94.42523193359375
2016-02-05,91.14610290527344
2016-02-08,89.75273132324219
2016-02-09,89.47406768798828
2016-02-10,89.81777954101562
2016-02-11,89.6877212524414
2016-02-12,91.05323028564453
2016-02-16,93.10615539550781
2016-02-17,95.21481323242188
2016-02-18,94.12799072265625
2016-02-19,94.40663146972656
2016-02-22,95.93936920166016
2016-02-23,94.3602066040039
2016-02-24,95.26128387451172
2016-02-25,96.19950103759766
2016-02-26,96.07870483398438
2016-02-29,95.21481323242188
2016-03-01,98.27098846435547
2016-03-02,98.30815887451172
2016-03-03,98.12236785888672
2016-03-04,98.1595230102539
2016-03-07,97.55569458007812
2016-03-08,96.74755859375
2016-03-09,97.36994934082031
2016-03-10,97.22129821777344
2016-03-11,98.92121887207031
2016-03-14,99.08843994140625
2016-03-15,99.05127716064453
2016-03-16,99.93374633789062
2016-03-17,99.87801361083984
2016-03-18,100.0345458984375
2016-03-21,100.42582702636719
2016-03-22,100.73330688476562
2016-03-23,99.90411376953125
2016-03-24,99.93206787109375
2016-03-28,99.79230499267578
2016-03-29,101.39478302001953
2016-03-30,101.8885726928711
2016-03-31,101.7394790649414
2016-04-01,102.82025909423828
2016-04-04,102.42892456054688
2016-04-05,101.44137573242188
2016-04-06,103.10908508300781
2016-04-07,101.62772369384766
2016-04-08,101.55317687988281
2016-04-11,101.1805191040039
2016-04-12,102.0283432006836
2016-04-13,103.3326644897461
2016-04-14,103.34202575683594
2016-04-15,103.0811538696289
2016-04-18,103.63081359863281
2016-04-19,102.9972915649414
2016-04-20,103.0811538696289
2016-04-21,103.0904541015625
2016-04-22,101.53455352783203
2016-04-25,101.53455352783203
2016-04-26,101.04074096679688
2016-04-27,100.23018646240234
2016-04-28,99.01901245117188
2016-04-29,98.49725341796875
2016-05-02,99.42894744873047
2016-05-03,98.50658416748047
2016-05-04,97.873046875
2016-05-05,97.8450927734375
2016-05-06,98.36681365966797
2016-05-09,98.64631652832031
2016-05-10,99.99725341796875
2016-05-11,99.09355926513672
2016-05-12,98.65567016601562
2016-05-13,98.29231262207031
2016-05-16,99.52210235595703
2016-05-17,98.27366638183594
2016-05-18,98.627685546875
2016-05-19,98.11528015136719
2016-05-20,99.1960220336914
2016-05-23,99.06560516357422
2016-05-24,101.05007934570312
2016-05-25,101.77680206298828
2016-05-26,102.07490539550781
2016-05-27,102.60597229003906
2016-05-31,102.8016357421875
2016-06-01,102.81095123291016
2016-06-02,103.02523803710938
2016-06-03,102.5407485961914
2016-06-06,102.9134292602539
2016-06-07,102.65255737304688
2016-06-08,102.82958984375
2016-06-09,102.6618881225586
2016-06-10,101.49730682373047
2016-06-13,100.64945983886719
2016-06-14,100.64945983886719
2016-06-15,100.36062622070312
2016-06-16,100.65876007080078
2016-06-17,99.47891235351562
2016-06-20,100.10480499267578
2016-06-21,100.42240905761719
2016-06-22,100.17950439453125
2016-06-23,101.60881042480469
2016-06-24,97.42378234863281
2016-06-27,95.49004364013672
2016-06-28,97.58257293701172
2016-06-29,99.310791015625
2016-06-30,100.45979309082031
2016-07-01,100.96424865722656
2016-07-05,100.34770965576172
2016-07-06,101.16976165771484
2016-07-07,101.46868896484375
2016-07-08,103.03807830810547
2016-07-11,103.62659454345703
2016-07-12,104.14973449707031
2016-07-13,103.89751434326172
2016-07-14,104.60746002197266
2016-07-15,104.4393310546875
2016-07-18,105.1305923461914
2016-07-19,104.74758911132812
2016-07-20,105.97132110595703
2016-07-21,105.72846984863281
2016-07-22,106.16752624511719
2016-07-25,106.1768569946289
2016-07-26,106.29830932617188
2016-07-27,107.03630828857422
2016-07-28,107.40995025634766
2016-07-29,107.64350891113281
2016-08-01,108.21331024169922
2016-08-02,107.39128112792969
2016-08-03,107.74626159667969
2016-08-04,108.05451202392578
2016-08-05,109.0914306640625
2016-08-08,108.97003173828125
2016-08-09,109.22222137451172
2016-08-10,108.94198608398438
2016-08-11,109.40906524658203
2016-08-12,109.48379516601562
2016-08-15,109.95088958740234
2016-08-16,109.34366607666016
2016-08-17,109.53985595703125
2016-08-18,109.56786346435547
2016-08-19,109.53985595703125
2016-08-22,109.62390899658203
2016-08-23,109.82007598876953
2016-08-24,109.1101303100586
2016-08-25,108.9326400756836
2016-08-26,109.0914306640625
2016-08-29,109.24090576171875
2016-08-30,108.88590240478516
2016-08-31,108.77387237548828
2016-09-01,109.05409240722656
2016-09-02,109.40906524658203
2016-09-06,110.09099578857422
2016-09-07,110.15638732910156
2016-09-08,109.51181030273438
2016-09-09,106.75605010986328
2016-09-12,108.67108917236328
2016-09-13,107.69953155517578
2016-09-14,108.21331024169922
2016-09-15,109.89481353759766
2016-09-16,109.84237670898438
2016-09-19,109.36476135253906
2016-09-20,109.57080078125
2016-09-21,110.64778137207031
2016-09-22,111.5280990600586
2016-09-23,110.81633758544922
2016-09-26,109.88922119140625
2016-09-27,110.9755630493164
2016-09-28,111.16284942626953
2016-09-29,110.35746765136719
2016-09-30,111.18158721923828
2016-10-03,111.02236938476562
2016-10-04,110.85381317138672
2016-10-05,111.24713134765625
2016-10-06,111.19093322753906
2016-10-07,110.94747161865234
2016-10-10,111.64983367919922
2016-10-11,110.0577621459961
2016-10-12,109.96411895751953
2016-10-13,109.57080078125
2016-10-14,109.70188903808594
2016-10-17,109.40221405029297
2016-10-18,110.37620544433594
2016-10-19,110.3668212890625
2016-10-20,110.2357177734375
2016-10-21,110.64778137207031
2016-10-24,111.97763061523438
2016-10-25,111.62171936035156
2016-10-26,110.86318969726562
2016-10-27,110.35746765136719
2016-10-28,109.66443634033203
2016-10-31,109.56143951416016
2016-11-01,108.73731231689453
2016-11-02,107.86634063720703
2016-11-03,106.80813598632812
2016-11-04,106.43350219726562
2016-11-07,108.96204376220703
2016-11-08,109.67379760742188
2016-11-09,110.17952728271484
2016-11-10,108.40015411376953
2016-11-11,108.44701385498047
2016-11-14,107.35128021240234
2016-11-15,108.84032440185547
2016-11-16,109.48648834228516
2016-11-17,110.28253173828125
2016-11-18,109.8704833984375
2016-11-21,111.01300048828125
2016-11-22,111.35013580322266
2016-11-23,110.90064239501953
2016-11-25,111.25652313232422
2016-11-28,111.00365447998047
2016-11-29,111.38761138916016
2016-11-30,110.03905487060547
2016-12-01,108.1379623413086
2016-12-02,108.35334014892578
2016-12-05,109.19619750976562
2016-12-06,109.45841217041016
2016-12-07,110.84443664550781
2016-12-08,111.04109191894531
2016-12-09,111.91207885742188
2016-12-12,111.4063491821289
2016-12-13,112.81106567382812
2016-12-14,112.57698059082031
2016-12-15,112.75491333007812
2016-12-16,112.33692169189453
2016-12-19,112.79717254638672
2016-12-20,113.229248046875
2016-12-21,113.14470672607422
2016-12-22,112.82535552978516
2016-12-23,112.90049743652344
2016-12-27,113.48284149169922
2016-12-28,112.59992980957031
2016-12-29,112.44025421142578
2016-12-30,111.28495025634766
2017-01-03,112.28057861328125
2017-01-04,112.89112091064453
2017-01-05,113.52980041503906
2017-01-06,114.52544403076172
2017-01-09,114.9011459350586
2017-01-10,115.15475463867188
2017-01-11,115.46470642089844
2017-01-12,115.28624725341797
2017-01-13,115.68074035644531
2017-01-17,115.3332290649414
2017-01-18,115.56803131103516
2017-01-19,115.51165771484375
2017-01-20,115.76526641845703
2017-01-23,115.85922241210938
2017-01-24,116.6388168334961
2017-01-25,117.81287384033203
2017-01-26,117.93498229980469
2017-01-27,118.16041564941406
2017-01-30,117.23995971679688
2017-01-31,117.0051040649414
2017-02-01,117.81287384033203
2017-02-02,117.70954895019531
2017-02-03,118.04769897460938
2017-02-06,118.18860626220703
2017-02-07,118.62063598632812
2017-02-08,118.81790924072266
2017-02-09,119.24995422363281
2017-02-10,119.64447784423828
2017-02-13,120.32075500488281
2017-02-14,120.7246322631836
2017-02-15,121.4384765625
2017-02-16,121.4009017944336
2017-02-17,121.92689514160156
2017-02-21,122.52799987792969
2017-02-22,122.5749740600586
2017-02-23,122.11473083496094
2017-02-24,122.34957122802734
2017-02-27,122.4998550415039
2017-02-28,122.1241455078125
2017-03-01,123.45791625976562
2017-03-02,122.8379898071289
2017-03-03,123.06342315673828
2017-03-06,122.79104614257812
2017-03-07,122.58438110351562
2017-03-08,122.80042266845703
2017-03-09,122.89435577392578
2017-03-10,123.41097259521484
2017-03-13,123.6175765991211
2017-03-14,123.3170166015625
2017-03-15,124.07781219482422
2017-03-16,123.99331665039062
2017-03-17,123.95002746582031
2017-03-20,124.06293487548828
2017-03-21,122.18049621582031
2017-03-22,123.00880432128906
2017-03-23,122.69816589355469
2017-03-24,122.95230102539062
2017-03-27,123.14997100830078
2017-03-28,123.9029541015625
2017-03-29,124.47708892822266
2017-03-30,124.68416595458984
2017-03-31,124.59944915771484
2017-04-03,124.52417755126953
2017-04-04,124.7218017578125
2017-04-05,124.21354675292969
2017-04-06,124.27940368652344
2017-04-07,124.21354675292969
2017-04-10,124.26065063476562
2017-04-11,123.72411346435547
2017-04-12,123.22531127929688
2017-04-13,122.73582458496094
2017-04-17,123.75231170654297
2017-04-18,123.56407165527344
2017-04-19,123.76175689697266
2017-04-20,124.797119140625
2017-04-21,124.76886749267578
2017-04-24,126.2748794555664
2017-04-25,127.18778228759766
2017-04-26,127.00898742675781
2017-04-27,127.7713851928711
2017-04-28,127.9972915649414
2017-05-01,129.1361541748047
2017-05-02,129.35264587402344
2017-05-03,128.93849182128906
2017-05-04,128.98558044433594
2017-05-05,129.45616149902344
2017-05-08,129.7385711669922
2017-05-09,130.1903076171875
2017-05-10,130.265625
2017-05-11,130.162109375
2017-05-12,130.45388793945312
2017-05-15,130.8679962158203
2017-05-16,131.41387939453125
2017-05-17,128.0725860595703
2017-05-18,129.192626953125
2017-05-19,129.7385711669922
2017-05-22,130.8303680419922
2017-05-23,130.96212768554688
2017-05-24,131.56451416015625
2017-05-25,132.68455505371094
2017-05-26,132.91981506347656
2017-05-30,133.03280639648438
2017-05-31,132.9857635498047
2017-06-01,133.50341796875
2017-06-02,135.02822875976562
2017-06-05,135.0
2017-06-06,134.4635009765625
2017-06-07,134.99061584472656
2017-06-08,135.1317901611328
2017-06-09,131.7527618408203
2017-06-12,131.0467987060547
2017-06-13,132.11041259765625
2017-06-14,131.53628540039062
2017-06-15,130.95272827148438
2017-06-16,130.38458251953125
2017-06-19,132.56475830078125
2017-06-20,131.52655029296875
2017-06-21,132.82901000976562
2017-06-22,132.79127502441406
2017-06-23,133.30088806152344
2017-06-26,132.67800903320312
2017-06-27,130.27130126953125
2017-06-28,132.1494598388672
2017-06-29,129.85604858398438
2017-06-30,129.90325927734375
2017-07-03,128.53472900390625
2017-07-05,129.79942321777344
2017-07-06,128.62904357910156
2017-07-07,130.01644897460938
2017-07-10,130.86590576171875
2017-07-11,131.23399353027344
2017-07-12,132.79127502441406
2017-07-13,133.0837860107422
2017-07-14,134.13136291503906
2017-07-17,134.19747924804688
2017-07-18,135.0941162109375
2017-07-19,135.8867950439453
2017-07-20,136.06614685058594
2017-07-21,136.0095672607422
2017-07-24,136.6324005126953
2017-07-25,136.28326416015625
2017-07-26,136.726806640625
2017-07-27,135.86798095703125
2017-07-28,135.7547149658203
2017-07-31,135.17897033691406
2017-08-01,135.49044799804688
2017-08-02,135.85855102539062
2017-08-03,135.3300018310547
2017-08-04,135.5753936767578
2017-08-07,136.43426513671875
2017-08-08,136.19830322265625
2017-08-09,136.01895141601562
2017-08-10,133.10263061523438
2017-08-11,134.112548828125
2017-08-14,135.83966064453125
2017-08-15,135.93408203125
2017-08-16,136.17001342773438
2017-08-17,133.3857879638672
2017-08-18,133.29141235351562
2017-08-21,133.12158203125
2017-08-22,135.1507110595703
2017-08-23,134.6693878173828
2017-08-24,134.27297973632812
2017-08-25,133.98985290527344
2017-08-28,134.40512084960938
2017-08-29,134.9336395263672
2017-08-30,136.51919555664062
2017-08-31,137.98208618164062
2017-09-01,137.79330444335938
2017-09-05,136.55697631835938
2017-09-06,136.97227478027344
2017-09-07,137.2930908203125
2017-09-08,136.1039581298828
2017-09-11,137.67062377929688
2017-09-12,138.0009765625
2017-09-13,138.18966674804688
2017-09-14,137.37803649902344
2017-09-15,137.84991455078125
2017-09-18,137.66929626464844
2017-09-19,137.90574645996094
2017-09-20,137.48011779785156
2017-09-21,136.63833618164062
2017-09-22,136.5059051513672
2017-09-25,135.06822204589844
2017-09-26,135.41815185546875
2017-09-27,136.63833618164062
2017-09-28,136.5909881591797
2017-09-29,137.57470703125
2017-10-02,137.69766235351562
2017-10-03,137.99085998535156
2017-10-04,138.1232452392578
2017-10-05,139.47586059570312
2017-10-06,139.66505432128906
2017-10-09,139.50421142578125
2017-10-10,139.60830688476562
2017-10-11,140.02444458007812
2017-10-12,139.76907348632812
2017-10-13,140.3081817626953
2017-10-16,140.7906036376953
2017-10-17,140.97030639648438
2017-10-18,140.800048828125
2017-10-19,140.2798309326172
2017-10-20,140.6581573486328
2017-10-23,139.74072265625
2017-10-24,139.97720336914062
2017-10-25,139.4474639892578
2017-10-26,139.00296020507812
2017-10-27,143.05120849609375
2017-10-30,143.3727569580078
2017-10-31,143.9119415283203
2017-11-01,143.86463928222656
2017-11-02,143.59034729003906
2017-11-03,144.9713134765625
2017-11-06,145.46310424804688
2017-11-07,145.54824829101562
2017-11-08,146.1346893310547
2017-11-09,145.36849975585938
2017-11-10,145.3590850830078
2017-11-13,145.5387725830078
2017-11-14,145.00912475585938
2017-11-15,144.32806396484375
2017-11-16,146.17251586914062
2017-11-17,145.6144256591797
2017-11-20,145.5009765625
2017-11-21,147.08055114746094
2017-11-22,147.26026916503906
2017-11-24,147.7993621826172
2017-11-27,147.73316955566406
2017-11-28,148.11151123046875
2017-11-29,145.5293426513672
2017-11-30,146.74948120117188
2017-12-01,146.125244140625
2017-12-04,144.4416046142578
2017-12-05,144.5361785888672
2017-12-06,145.1887969970703
2017-12-07,145.68067932128906
2017-12-08,146.32383728027344
2017-12-11,147.45889282226562
2017-12-12,147.26026916503906
2017-12-13,147.5439910888672
2017-12-14,147.4400177001953
2017-12-15,149.1141357421875
2017-12-18,150.36428833007812
2017-12-19,149.47329711914062
2017-12-20,149.31222534179688
2017-12-21,149.3311767578125
2017-12-22,149.1605987548828
2017-12-26,148.35487365722656
2017-12-27,148.37384033203125
2017-12-28,148.55398559570312
2017-12-29,147.6345672607422
2018-01-02,150.22216796875
2018-01-03,151.68182373046875
2018-01-04,151.9472198486328
2018-01-05,153.47323608398438
2018-01-08,154.0703582763672
2018-01-09,154.07981872558594
2018-01-10,153.71961975097656
2018-01-11,154.771728515625
2018-01-12,155.9091339111328
2018-01-16,155.46363830566406
2018-01-17,157.1413116455078
2018-01-18,157.1697998046875
2018-01-19,157.6626434326172
2018-01-22,159.34976196289062
2018-01-23,160.66726684570312
2018-01-24,159.6246337890625
2018-01-25,159.56777954101562
2018-01-26,162.01321411132812
2018-01-29,161.22650146484375
2018-01-30,159.89952087402344
2018-01-31,160.56300354003906
2018-02-01,159.19810485839844
2018-02-02,156.02288818359375
2018-02-05,149.87142944335938
2018-02-06,153.84283447265625
2018-02-07,151.8524627685547
2018-02-08,145.44505310058594
2018-02-09,147.95680236816406
2018-02-12,150.58226013183594
2018-02-13,151.35952758789062
2018-02-14,154.1935272216797
2018-02-15,157.05601501464844
2018-02-16,156.35462951660156
2018-02-20,156.6674041748047
2018-02-21,156.22195434570312
2018-02-22,156.20297241210938
2018-02-23,159.39715576171875
2018-02-26,161.51083374023438
2018-02-27,159.51092529296875
2018-02-28,158.4872283935547
2018-03-01,155.899658203125
2018-03-02,157.33090209960938
2018-03-05,159.07493591308594
2018-03-06,159.7478485107422
2018-03-07,160.1175079345703
2018-03-08,160.99900817871094
2018-03-09,164.12686157226562
2018-03-12,164.9989013671875
2018-03-13,162.75253295898438
2018-03-14,162.72409057617188
2018-03-15,162.58189392089844
2018-03-16,162.0984649658203
2018-03-19,158.63992309570312
2018-03-20,159.16207885742188
2018-03-21,158.46905517578125
2018-03-22,154.5576629638672
2018-03-23,150.48486328125
2018-03-26,156.0765838623047
2018-03-27,151.0260009765625
2018-03-28,149.2886199951172
2018-03-29,152.02285766601562
2018-04-02,147.63677978515625
2018-04-03,149.298095703125
2018-04-04,151.652587890625
2018-04-05,152.5165557861328
2018-04-06,148.70005798339844
2018-04-09,149.74436950683594
2018-04-10,153.04815673828125
2018-04-11,152.1652374267578
2018-04-12,153.99752807617188
2018-04-13,153.20001220703125
2018-04-16,154.36781311035156
2018-04-17,157.69064331054688
2018-04-18,158.01333618164062
2018-04-19,156.56082153320312
2018-04-20,154.08294677734375
2018-04-23,153.6937255859375
2018-04-24,150.43740844726562
2018-04-25,150.6177520751953
2018-04-26,153.7886199951172
2018-04-27,153.8835906982422
2018-04-30,152.7918243408203
2018-05-01,154.5386199951172
2018-05-02,153.62725830078125
2018-05-03,153.60824584960938
2018-05-04,156.52284240722656
2018-05-07,157.82347106933594
2018-05-08,157.662109375
2018-05-09,159.38046264648438
2018-05-10,161.03233337402344
2018-05-11,160.88043212890625
2018-05-14,161.15574645996094
2018-05-15,159.37098693847656
2018-05-16,160.42477416992188
2018-05-17,159.8076629638672
2018-05-18,158.98171997070312
2018-05-21,159.87408447265625
2018-05-22,159.66522216796875
2018-05-23,161.0133514404297
2018-05-24,160.96591186523438
2018-05-25,161.12730407714844
2018-05-29,160.41526794433594
2018-05-30,161.5640106201172
2018-05-31,161.4595947265625
2018-06-01,163.994384765625
2018-06-04,165.47544860839844
2018-06-05,165.98809814453125
2018-06-06,166.95643615722656
2018-06-07,165.59878540039062
2018-06-08,165.6083221435547
2018-06-11,166.0545196533203
2018-06-12,166.92796325683594
2018-06-13,166.91842651367188
2018-06-14,168.60833740234375
2018-06-15,168.01974487304688
2018-06-18,167.9226837158203
2018-06-19,167.4469757080078
2018-06-20,168.63619995117188
2018-06-21,167.1710662841797
2018-06-22,166.80006408691406
2018-06-25,163.04197692871094
2018-06-26,163.70794677734375
2018-06-27,161.48167419433594
2018-06-28,162.87075805664062
2018-06-29,163.3083953857422
2018-07-02,164.40249633789062
2018-07-03,162.49974060058594
2018-07-05,164.5166473388672
2018-07-06,167.07594299316406
2018-07-09,168.5791778564453
2018-07-10,168.70281982421875
2018-07-11,167.84657287597656
2018-07-12,170.73886108398438
2018-07-13,170.8815460205078
2018-07-16,170.47244262695312
2018-07-17,171.50950622558594
2018-07-18,171.1859893798828
2018-07-19,170.32974243164062
2018-07-20,170.29164123535156
2018-07-23,170.83396911621094
2018-07-24,171.53802490234375
2018-07-25,173.935546875
2018-07-26,171.3001708984375
2018-07-27,168.98825073242188
2018-07-30,166.6002655029297
2018-07-31,167.87510681152344
2018-08-01,168.51254272460938
2018-08-02,170.80545043945312
2018-08-03,171.32872009277344
2018-08-06,172.33718872070312
2018-08-07,172.96510314941406
2018-08-08,173.1744384765625
2018-08-09,173.0697784423828
2018-08-10,171.74732971191406
2018-08-13,171.55709838867188
2018-08-14,172.632080078125
2018-08-15,170.52001953125
2018-08-16,171.0813446044922
2018-08-17,171.11936950683594
2018-08-20,170.9671630859375
2018-08-21,171.59507751464844
2018-08-22,172.26107788085938
2018-08-23,172.01373291015625
2018-08-24,173.61209106445312
2018-08-27,175.3816680908203
2018-08-28,175.63853454589844
2018-08-29,177.66505432128906
2018-08-30,177.35105895996094
2018-08-31,177.57945251464844
2018-09-04,176.81834411621094
2018-09-05,174.53494262695312
2018-09-06,172.97457885742188
2018-09-07,172.30860900878906
2018-09-10,172.8890380859375
2018-09-11,174.22096252441406
2018-09-12,173.70721435546875
2018-09-13,175.56243896484375
2018-09-14,175.0487060546875
2018-09-17,172.52748107910156
2018-09-18,173.95460510253906
2018-09-19,173.82138061523438
2018-09-20,175.74319458007812
2018-09-21,174.7823028564453
2018-09-24,175.26840209960938
2018-09-25,175.50665283203125
2018-09-26,175.63063049316406
2018-09-27,177.11744689941406
2018-09-28,177.07925415039062
2018-10-01,177.44151306152344
2018-10-02,177.04116821289062
2018-10-03,177.23178100585938
2018-10-04,173.8291778564453
2018-10-05,171.70375061035156
2018-10-08,170.65530395507812
2018-10-09,171.20811462402344
2018-10-10,163.67849731445312
2018-10-11,161.64837646484375
2018-10-12,166.14707946777344
2018-10-15,164.13595581054688
2018-10-16,168.91111755371094
2018-10-17,168.97781372070312
2018-10-18,165.0605010986328
2018-10-19,164.90806579589844
2018-10-22,165.75628662109375
2018-10-23,165.1463165283203
2018-10-24,157.58811950683594
2018-10-25,163.03993225097656
2018-10-26,158.84620666503906
2018-10-29,155.57704162597656
2018-10-30,158.1409149169922
2018-10-31,161.8580780029297
2018-11-01,163.99305725097656
2018-11-02,161.43870544433594
2018-11-05,161.03834533691406
2018-11-06,162.25839233398438
2018-11-07,167.34803771972656
2018-11-08,166.280517578125
2018-11-09,163.47830200195312
2018-11-12,158.53167724609375
2018-11-13,158.66510009765625
2018-11-14,157.45469665527344
2018-11-15,160.20912170410156
2018-11-16,159.6468505859375
2018-11-19,154.46188354492188
2018-11-20,151.69784545898438
2018-11-21,152.8511199951172
2018-11-23,151.74549865722656
2018-11-26,155.25296020507812
2018-11-27,155.77716064453125
2018-11-28,160.79052734375
2018-11-29,160.2663116455078
2018-11-30,161.4291229248047
2018-12-03,164.2503662109375
2018-12-04,157.9503173828125
2018-12-06,159.06544494628906
2018-12-07,153.81373596191406
2018-12-10,155.424560546875
2018-12-11,155.93917846679688
2018-12-12,157.3116912841797
2018-12-13,157.3593292236328
2018-12-14,153.52783203125
2018-12-17,150.04896545410156
2018-12-18,150.99252319335938
2018-12-19,147.28492736816406
2018-12-20,145.14990234375
2018-12-21,140.6512451171875
2018-12-24,137.16336059570312
2018-12-26,145.72772216796875
2018-12-27,146.29164123535156
2018-12-28,146.21519470214844
2018-12-31,147.44822692871094
2019-01-02,148.0408477783203
2019-01-03,143.20431518554688
2019-01-04,149.3312225341797
2019-01-07,151.1090850830078
2019-01-08,152.4759521484375
2019-01-09,153.71856689453125
2019-01-10,154.15821838378906
2019-01-11,153.59426879882812
2019-01-14,152.23699951171875
2019-01-15,155.20968627929688
2019-01-16,155.18093872070312
2019-01-17,156.40451049804688
2019-01-18,157.95291137695312
2019-01-22,154.78912353515625
2019-01-23,154.9897918701172
2019-01-24,155.993408203125
2019-01-25,157.85731506347656
2019-01-28,155.9074249267578
2019-01-29,154.4354705810547
2019-01-30,158.3639678955078
2019-01-31,160.73443603515625
2019-02-01,160.05581665039062
2019-02-04,162.04391479492188
2019-02-05,163.4777069091797
2019-02-06,162.99021911621094
2019-02-07,160.80136108398438
2019-02-08,161.1167755126953
2019-02-11,160.9638214111328
2019-02-12,163.3438720703125
2019-02-13,163.4585723876953
2019-02-14,163.6593017578125
2019-02-15,164.34750366210938
2019-02-19,164.67251586914062
2019-02-20,164.6438446044922
2019-02-21,164.04161071777344
2019-02-22,165.2555389404297
2019-02-25,165.8577423095703
2019-02-26,166.02976989746094
2019-02-27,165.92462158203125
2019-02-28,165.5423126220703
2019-03-01,166.68931579589844
2019-03-04,166.71798706054688
2019-03-05,166.84230041503906
2019-03-06,165.89598083496094
2019-03-07,163.8600311279297
2019-03-08,163.61151123046875
2019-03-11,167.01431274414062
2019-03-12,167.9319305419922
2019-03-13,169.19361877441406
2019-03-14,168.9069061279297
2019-03-15,170.4744873046875
2019-03-18,170.88043212890625
2019-03-19,171.45504760742188
2019-03-20,172.13487243652344
2019-03-21,174.82571411132812
2019-03-22,170.98577880859375
2019-03-25,170.6602325439453
2019-03-26,171.45504760742188
2019-03-27,170.35377502441406
2019-03-28,170.7464599609375
2019-03-29,172.0391845703125
2019-04-01,174.31817626953125
2019-04-02,174.9789276123047
2019-04-03,175.98440551757812
2019-04-04,175.91738891601562
2019-04-05,176.82704162597656
2019-04-08,177.2771759033203
2019-04-09,176.65469360351562
2019-04-10,177.6027374267578
2019-04-11,177.18133544921875
2019-04-12,177.94744873046875
2019-04-15,177.97618103027344
2019-04-16,178.58895874023438
2019-04-17,179.21144104003906
2019-04-18,179.44129943847656
2019-04-22,179.9487762451172
2019-04-23,182.23736572265625
2019-04-24,181.66287231445312
2019-04-25,182.40020751953125
2019-04-26,182.56292724609375
2019-04-29,182.9173126220703
2019-04-30,181.50006103515625
2019-05-01,180.91592407226562
2019-05-02,180.13072204589844
2019-05-03,183.00347900390625
2019-05-06,181.88307189941406
2019-05-07,178.34005737304688
2019-05-08,177.88998413085938
2019-05-09,176.9324188232422
2019-05-10,177.1526336669922
2019-05-13,171.00494384765625
2019-05-14,172.8817901611328
2019-05-15,175.32362365722656
2019-05-16,177.08558654785156
2019-05-17,175.27578735351562
2019-05-20,172.31686401367188
2019-05-21,174.1171112060547
2019-05-22,173.34149169921875
2019-05-23,170.68898010253906
2019-05-24,170.60281372070312
2019-05-28,169.96119689941406
2019-05-29,168.56312561035156
2019-05-30,169.27175903320312
2019-05-31,166.5713653564453
2019-06-03,162.90380859375
2019-06-04,167.49063110351562
2019-06-05,168.73553466796875
2019-06-06,170.0761260986328
2019-06-07,173.36061096191406
2019-06-10,175.38113403320312
2019-06-11,175.62051391601562
2019-06-12,174.60545349121094
2019-06-13,175.63966369628906
2019-06-14,174.89276123046875
2019-06-17,175.9460906982422
2019-06-18,178.50282287597656
2019-06-19,179.17315673828125
2019-06-20,180.83932495117188
2019-06-21,180.57122802734375
2019-06-24,180.57696533203125
2019-06-25,177.47711181640625
2019-06-26,178.30252075195312
2019-06-27,178.9838104248047
2019-06-28,179.21421813964844
2019-07-01,181.6326446533203
2019-07-02,182.35243225097656
2019-07-03,183.72479248046875
2019-07-05,183.35049438476562
2019-07-08,182.0645294189453
2019-07-09,182.9762420654297
2019-07-10,184.79966735839844
2019-07-11,184.66529846191406
2019-07-12,185.73052978515625
2019-07-15,186.32553100585938
2019-07-16,185.3658447265625
2019-07-17,184.45413208007812
2019-07-18,184.66529846191406
2019-07-19,183.31214904785156
2019-07-22,184.77084350585938
2019-07-23,185.98008728027344
2019-07-24,187.28524780273438
2019-07-25,185.5098114013672
2019-07-26,187.4196014404297
2019-07-29,186.776611328125
2019-07-30,185.9705047607422
2019-07-31,183.39849853515625
2019-08-01,182.48672485351562
2019-08-02,179.7996063232422
2019-08-05,173.44639587402344
2019-08-06,175.87448120117188
2019-08-07,176.82455444335938
2019-08-08,180.6728973388672
2019-08-09,178.9742431640625
2019-08-12,176.92051696777344
2019-08-13,180.79769897460938
2019-08-14,175.39456176757812
2019-08-15,175.1930694580078
2019-08-16,178.00497436523438
2019-08-19,180.83609008789062
2019-08-20,179.43492126464844
2019-08-21,181.0280303955078
2019-08-22,180.4427032470703
2019-08-23,174.732421875
2019-08-26,177.37158203125
2019-08-27,176.99725341796875
2019-08-28,177.63072204589844
2019-08-29,180.3466339111328
2019-08-30,179.91477966308594
2019-09-03,178.1680908203125
2019-09-04,180.74012756347656
2019-09-05,184.05113220214844
2019-09-06,183.8686981201172
2019-09-09,183.48487854003906
2019-09-10,182.95703125
2019-09-11,184.67489624023438
2019-09-12,185.442626953125
2019-09-13,184.7804412841797
2019-09-16,183.955078125
2019-09-17,184.8380584716797
2019-09-18,184.76123046875
2019-09-19,185.068359375
2019-09-20,183.11058044433594
2019-09-23,183.19134521484375
2019-09-24,180.7583770751953
2019-09-25,182.78744506835938
2019-09-26,182.1143035888672
2019-09-27,179.85446166992188
2019-09-30,181.566162109375
2019-10-01,180.08531188964844
2019-10-02,176.98880004882812
2019-10-03,178.93128967285156
2019-10-04,181.566162109375
2019-10-07,181.01806640625
2019-10-08,178.3061981201172
2019-10-09,180.04681396484375
2019-10-10,181.44119262695312
2019-10-11,183.7779541015625
2019-10-14,183.75869750976562
2019-10-15,186.09548950195312
2019-10-16,185.63388061523438
2019-10-17,186.12435913085938
2019-10-18,184.3356475830078
2019-10-21,185.97047424316406
2019-10-22,184.4895477294922
2019-10-23,184.8453826904297
2019-10-24,186.64364624023438
2019-10-25,188.1341552734375
2019-10-28,189.99014282226562
2019-10-29,188.51878356933594
2019-10-30,189.43235778808594
2019-10-31,189.51890563964844
2019-11-01,191.240234375
2019-11-04,192.4230194091797
2019-11-05,192.52882385253906
2019-11-06,192.09605407714844
2019-11-07,192.7403564453125
2019-11-08,193.5096893310547
2019-11-11,193.25010681152344
2019-11-12,193.80775451660156
2019-11-13,193.8558349609375
2019-11-14,193.7019805908203
2019-11-15,195.12522888183594
2019-11-18,195.27908325195312
2019-11-19,195.56759643554688
2019-11-20,194.39437866210938
2019-11-21,193.96165466308594
2019-11-22,194.08668518066406
2019-11-25,196.3849639892578
2019-11-26,196.75999450683594
2019-11-27,198.13516235351562
2019-11-29,197.23121643066406
2019-12-02,195.2117462158203
2019-12-03,193.68280029296875
2019-12-04,194.66363525390625
2019-12-05,195.04833984375
2019-12-06,197.13507080078125
2019-12-09,196.24072265625
2019-12-10,196.0772247314453
2019-12-11,197.1157989501953
2019-12-12,198.58709716796875
2019-12-13,199.24107360839844
2019-12-16,201.2412109375
2019-12-17,201.35665893554688
2019-12-18,201.510498046875
2019-12-19,202.77027893066406
2019-12-20,203.58763122558594
2019-12-23,204.12535095214844
2019-12-24,204.2313690185547
2019-12-26,206.0335235595703
2019-12-27,205.86009216308594
2019-12-30,204.51084899902344
2019-12-31,204.8963165283203
2020-01-02,208.31752014160156
2020-01-03,206.40933227539062
2020-01-06,207.7393035888672
2020-01-07,207.71043395996094
2020-01-08,209.2716064453125
2020-01-09,211.04490661621094
2020-01-10,210.5052032470703
2020-01-13,212.93377685546875
2020-01-14,212.09532165527344
2020-01-15,212.18203735351562
2020-01-16,214.21548461914062
2020-01-17,215.27560424804688
2020-01-21,215.17922973632812
2020-01-22,215.74781799316406
2020-01-23,216.44171142578125
2020-01-24,214.6202392578125
2020-01-27,210.18714904785156
2020-01-28,213.41561889648438
2020-01-29,213.76255798339844
2020-01-30,214.52386474609375
2020-01-31,211.12197875976562
2020-02-03,214.31187438964844
2020-02-04,219.21719360351562
2020-02-05,219.94000244140625
2020-02-06,221.83853149414062
2020-02-07,220.88446044921875
2020-02-10,223.55393981933594
2020-02-11,223.59249877929688
2020-02-12,225.77047729492188
2020-02-13,225.4813690185547
2020-02-14,226.1271209716797
2020-02-18,226.2137451171875
2020-02-19,228.38218688964844
2020-02-20,226.26199340820312
2020-02-21,221.9156036376953
2020-02-24,213.35781860351562
2020-02-25,207.55625915527344
2020-02-26,208.6259307861328
2020-02-27,198.17921447753906
2020-02-28,198.33340454101562
2020-03-02,208.568115234375
2020-03-03,201.87991333007812
2020-03-04,210.3028106689453
2020-03-05,203.913330078125
2020-03-06,200.47286987304688
2020-03-09,186.54710388183594
2020-03-10,196.70472717285156
2020-03-11,188.1372833251953
2020-03-12,170.88668823242188
2020-03-13,185.3617401123047
2020-03-16,163.1576690673828
2020-03-17,175.53182983398438
2020-03-18,170.19281005859375
2020-03-19,171.21437072753906
2020-03-20,164.50686645507812
2020-03-23,164.62567138671875
2020-03-24,177.3738555908203
2020-03-25,176.06039428710938
2020-03-26,185.33181762695312
2020-03-27,178.95773315429688
2020-03-30,185.467041015625
2020-03-31,183.88311767578125
2020-04-01,176.07005310058594
2020-04-02,179.6434326171875
2020-04-03,177.09378051757812
2020-04-06,189.75509643554688
2020-04-07,189.67782592773438
2020-04-08,193.70510864257812
2020-04-09,193.9851531982422
2020-04-13,196.08091735839844
2020-04-14,204.6086883544922
2020-04-15,202.2617950439453
2020-04-16,205.95115661621094
2020-04-17,207.9212646484375
2020-04-20,205.45849609375
2020-04-21,197.87722778320312
2020-04-22,203.7490997314453
2020-04-23,203.31454467773438
2020-04-24,206.52085876464844
2020-04-27,208.18199157714844
2020-04-28,204.26095581054688
2020-04-29,211.50430297851562
2020-04-30,211.41737365722656
2020-05-01,205.45849609375
2020-05-04,207.85369873046875
2020-05-05,210.2101593017578
2020-05-06,211.50430297851562
2020-05-07,214.22776794433594
2020-05-08,217.1636505126953
2020-05-11,219.1049041748047
2020-05-12,214.5174560546875
2020-05-13,211.8326416015625
2020-05-14,214.23739624023438
2020-05-15,215.62811279296875
2020-05-18,219.64573669433594
2020-05-19,219.09523010253906
2020-05-20,223.47019958496094
2020-05-21,221.03640747070312
2020-05-22,221.79942321777344
2020-05-26,221.20065307617188
2020-05-27,222.40785217285156
2020-05-28,222.1180877685547
2020-05-29,225.37277221679688
2020-06-01,226.04881286621094
2020-06-02,227.56507873535156
2020-06-03,228.58883666992188
2020-06-04,226.9856414794922
2020-06-05,231.48614501953125
2020-06-08,233.28245544433594
2020-06-09,234.9725341796875
2020-06-10,237.7926025390625
2020-06-11,226.01016235351562
2020-06-12,227.80653381347656
2020-06-15,230.57830810546875
2020-06-16,234.53793334960938
2020-06-17,235.2816162109375
2020-06-18,235.9190216064453
2020-06-19,235.88037109375
2020-06-22,238.70921325683594
2020-06-23,240.7408905029297
2020-06-24,235.77784729003906
2020-06-25,238.02232360839844
2020-06-26,232.40142822265625
2020-06-29,234.93612670898438
2020-06-30,239.54124450683594
2020-07-01,242.337158203125
2020-07-02,243.9818572998047
2020-07-06,249.98004150390625
2020-07-07,248.25794982910156
2020-07-08,251.52793884277344
2020-07-09,253.646728515625
2020-07-10,255.37843322753906
2020-07-13,250.12513732910156
2020-07-14,251.8955841064453
2020-07-15,252.4084014892578
2020-07-16,250.68626403808594
2020-07-17,250.9765167236328
2020-07-20,258.09698486328125
2020-07-21,255.40736389160156
2020-07-22,256.30718994140625
2020-07-23,249.6124267578125
2020-07-24,247.24212646484375
2020-07-27,251.6537628173828
2020-07-28,248.45147705078125
2020-07-29,251.31507873535156
2020-07-30,252.63082885742188
2020-07-31,257.13922119140625
2020-08-03,260.6123046875
2020-08-04,261.57977294921875
2020-08-05,262.22808837890625
2020-08-06,265.70111083984375
2020-08-07,262.63427734375
2020-08-10,261.5120544433594
2020-08-11,256.55877685546875
2020-08-12,263.0116271972656
2020-08-13,263.6114196777344
2020-08-14,263.3018493652344
2020-08-17,266.35894775390625
2020-08-18,268.9228210449219
2020-08-19,267.11358642578125
2020-08-20,270.8189697265625
2020-08-21,272.69580078125
2020-08-24,274.3985595703125
2020-08-25,276.5558776855469
2020-08-26,282.45745849609375
2020-08-27,281.5769348144531
2020-08-28,283.0088806152344
2020-08-31,285.2823486328125
2020-09-01,290.1584167480469
2020-09-02,292.90582275390625
2020-09-03,278.0555725097656
2020-09-04,274.35015869140625
2020-09-08,261.16375732421875
2020-09-09,268.835693359375
2020-09-10,263.4759521484375
2020-09-11,261.6475524902344
2020-09-14,266.2041931152344
2020-09-15,269.9772033691406
2020-09-16,265.6721496582031
2020-09-17,261.521728515625
2020-09-18,258.1840515136719
2020-09-21,258.8031921386719
2020-09-22,263.6114196777344
2020-09-23,255.562255859375
2020-09-24,256.7522277832031
2020-09-25,262.7213439941406
2020-09-28,268.1778869628906
2020-09-29,266.9685363769531
2020-09-30,268.7970275878906
2020-10-01,273.06341552734375
2020-10-02,265.3819274902344
2020-10-05,271.0415344238281
2020-10-06,266.2041931152344
2020-10-07,270.80926513671875
2020-10-08,272.250732421875
2020-10-09,276.41082763671875
2020-10-12,284.9438171386719
2020-10-13,284.9341125488281
2020-10-14,282.55413818359375
2020-10-15,280.657958984375
2020-10-16,279.1197509765625
2020-10-19,274.56304931640625
2020-10-20,275.1531982421875
2020-10-21,274.9403076171875
2020-10-22,274.9306640625
2020-10-23,275.472412109375
2020-10-26,271.3413391113281
2020-10-27,273.4601135253906
2020-10-28,262.798828125
2020-10-29,267.3941955566406
2020-10-30,260.6123046875
2020-11-02,261.19281005859375
2020-11-03,265.7108154296875
2020-11-04,277.57171630859375
2020-11-05,284.8083190917969
2020-11-06,285.0211181640625
2020-11-09,279.1971130371094
2020-11-10,274.1954040527344
2020-11-11,280.3290710449219
2020-11-12,279.0133056640625
2020-11-13,281.46099853515625
2020-11-16,283.65716552734375
2020-11-17,282.75726318359375
2020-11-18,280.66754150390625
2020-11-19,282.8637390136719
2020-11-20,280.9288635253906
2020-11-23,280.9384765625
2020-11-24,284.8857727050781
2020-11-25,286.6368408203125
2020-11-27,289.2779235839844
2020-11-30,289.86810302734375
2020-12-01,293.5830383300781
2020-12-02,293.96044921875
2020-12-03,294.37640380859375
2020-12-04,295.5760498046875
2020-12-07,297.2497253417969
2020-12-08,298.2559814453125
2020-12-09,291.5030822753906
2020-12-10,292.6736755371094
2020-12-11,292.02557373046875
2020-12-14,294.144287109375
2020-12-15,297.28851318359375
2020-12-16,298.92340087890625
2020-12-17,300.8776550292969
2020-12-18,299.9683532714844
2020-12-21,299.40716552734375
2020-12-22,300.22125244140625
2020-12-23,298.70928955078125
2020-12-24,300.02734375
2020-12-28,303.05126953125
2020-12-29,303.3226623535156
2020-12-30,303.3323974609375
2020-12-31,304.07867431640625
2021-01-04,299.7851257324219
2021-01-05,302.25653076171875
2021-01-06,298.06964111328125
2021-01-07,305.2804870605469
2021-01-08,309.2058410644531
2021-01-11,304.73779296875
2021-01-12,304.253173828125
2021-01-13,306.3078918457031
2021-01-14,304.669921875
2021-01-15,302.25653076171875
2021-01-19,306.6664123535156
2021-01-20,313.79986572265625
2021-01-21,316.30999755859375
2021-01-22,315.3990173339844
2021-01-25,318.006103515625
2021-01-26,318.4714050292969
2021-01-27,309.593505859375
2021-01-28,311.4253234863281
2021-01-29,304.8733825683594
2021-02-01,312.491455078125
2021-02-02,317.5893859863281
2021-02-03,316.3294982910156
2021-02-04,320.07061767578125
2021-02-05,321.15606689453125
2021-02-08,323.3077392578125
2021-02-09,323.23992919921875
2021-02-10,322.5032958984375
2021-02-11,324.2768859863281
2021-02-12,326.08935546875
2021-02-16,325.20745849609375
2021-02-17,323.64697265625
2021-02-18,322.23193359375
2021-02-19,320.8265686035156
2021-02-22,312.5108337402344
2021-02-23,311.5803527832031
2021-02-24,314.1487121582031
2021-02-25,303.19671630859375
2021-02-26,304.4664001464844
2021-03-01,313.6253662109375
2021-03-02,308.5952453613281
2021-03-03,299.63970947265625
2021-03-04,294.7355651855469
2021-03-05,299.174560546875
2021-03-08,290.7036437988281
2021-03-09,302.1694030761719
2021-03-10,301.3067932128906
2021-03-11,308.2462463378906
2021-03-12,305.7457275390625
2021-03-15,309.0119323730469
2021-03-16,310.7080078125
2021-03-17,311.9873962402344
2021-03-18,302.43109130859375
2021-03-19,303.4971923828125
2021-03-22,309.188720703125
2021-03-23,307.8398132324219
2021-03-24,302.6480712890625
2021-03-25,302.1239318847656
2021-03-26,306.65594482421875
2021-03-29,306.5685119628906
2021-03-30,305.0256042480469
2021-03-31,309.693359375
2021-04-01,314.9725341796875
2021-04-05,321.2608947753906
2021-04-06,321.0377197265625
2021-04-07,321.81402587890625
2021-04-08,325.1717224121094
2021-04-09,327.1417236328125
2021-04-12,326.7147216796875
2021-04-13,330.5285339355469
2021-04-14,326.5594177246094
2021-04-15,331.5085754394531
2021-04-16,331.89678955078125
2021-04-19,328.8593444824219
2021-04-20,326.4624328613281
2021-04-21,329.25726318359375
2021-04-22,325.28826904296875
2021-04-23,329.3833923339844
2021-04-26,331.5280456542969
2021-04-27,330.09185791015625
2021-04-28,328.9757995605469
2021-04-29,330.15972900390625
2021-04-30,327.9957275390625
2021-05-03,326.2488708496094
2021-05-04,320.3778381347656
2021-05-05,319.3006591796875
2021-05-06,321.707275390625
2021-05-07,324.3177490234375
2021-05-10,316.1273498535156
2021-05-11,315.69061279296875
2021-05-12,307.5196533203125
2021-05-13,309.8971862792969
2021-05-14,316.7387390136719
2021-05-17,314.8172607421875
2021-05-18,312.69195556640625
2021-05-19,313.0510559082031
2021-05-20,319.10650634765625
2021-05-21,317.34039306640625
2021-05-24,322.67767333984375
2021-05-25,323.12408447265625
2021-05-26,324.2497863769531
2021-05-27,323.0368347167969
2021-05-28,324.0557556152344
2021-06-01,322.9784851074219
2021-06-02,323.6093444824219
2021-06-03,320.2419128417969
2021-06-04,325.6763610839844
2021-06-07,326.64678955078125
2021-06-08,326.80206298828125
2021-06-09,326.87969970703125
2021-06-10,330.285888671875
2021-06-11,331.1496276855469
2021-06-14,334.3228454589844
2021-06-15,332.13946533203125
2021-06-16,330.9264221191406
2021-06-17,335.1282958984375
2021-06-18,332.4984130859375
2021-06-21,334.5649719238281
2021-06-22,337.6836853027344
2021-06-23,337.8488464355469
2021-06-24,339.9377136230469
2021-06-25,339.5198974609375
2021-06-28,343.6490478515625
2021-06-29,344.89263916015625
2021-06-30,344.3485107421875
2021-07-01,344.4845886230469
2021-07-02,348.43878173828125
2021-07-06,349.9447326660156
2021-07-07,350.68310546875
2021-07-08,348.5650634765625
2021-07-09,350.74139404296875
2021-07-12,352.11126708984375
2021-07-13,352.11126708984375
2021-07-14,352.7427978515625
2021-07-15,350.2652587890625
2021-07-16,347.4283752441406
2021-07-19,344.5816955566406
2021-07-20,348.5845031738281
2021-07-21,351.2757263183594
2021-07-22,353.59771728515625
2021-07-23,357.726806640625
2021-07-26,358.0086364746094
2021-07-27,354.0640869140625
2021-07-28,355.42425537109375
2021-07-29,356.0558166503906
2021-07-30,354.2001647949219
2021-08-02,354.2292175292969
2021-08-03,356.3763732910156
2021-08-04,356.8913879394531
2021-08-05,359.15509033203125
2021-08-06,357.5811462402344
2021-08-09,358.2418212890625
2021-08-10,356.405517578125
2021-08-11,355.7934875488281
2021-08-12,357.075927734375
2021-08-13,358.3291931152344
2021-08-16,358.48468017578125
2021-08-17,355.3271179199219
2021-08-18,351.9072570800781
2021-08-19,353.6074523925781
2021-08-20,357.270263671875
2021-08-23,362.61376953125
2021-08-24,363.7213134765625
2021-08-25,364.1391296386719
2021-08-26,361.8268127441406
2021-08-27,365.3438720703125
2021-08-30,369.44384765625
2021-08-31,369.1426696777344
2021-09-01,369.7547302246094
2021-09-02,369.57977294921875
2021-09-03,370.7165832519531
2021-09-07,371.24127197265625
2021-09-08,369.9489440917969
2021-09-09,368.6763916015625
2021-09-10,365.8782043457031
2021-09-13,365.6255798339844
2021-09-14,364.5861511230469
2021-09-15,367.2966613769531
2021-09-16,367.5492858886719
2021-09-17,363.19659423828125
2021-09-20,355.69189453125
2021-09-21,356.1295471191406
2021-09-22,359.4559326171875
2021-09-23,362.7726745605469
2021-09-24,363.1130676269531
2021-09-27,360.2146301269531
2021-09-28,350.021484375
2021-09-29,349.4475402832031
2021-09-30,348.1636962890625
2021-10-01,350.3229064941406
2021-10-04,342.9698181152344
2021-10-05,347.5995788574219
2021-10-06,349.826904296875
2021-10-07,353.03656005859375
2021-10-08,351.2760925292969
2021-10-11,348.5819091796875
2021-10-12,347.36614990234375
2021-10-13,350.1478576660156
2021-10-14,356.5964050292969
2021-10-15,358.8431396484375
2021-10-18,362.45172119140625
2021-10-19,365.19451904296875
2021-10-20,364.7179260253906
2021-10-21,366.94525146484375
2021-10-22,363.8620300292969
2021-10-25,367.5871887207031
2021-10-26,368.7445983886719
2021-10-27,369.6004333496094
2021-10-28,373.7050476074219
2021-10-29,375.5433654785156
2021-11-01,376.8271789550781
2021-11-02,378.4028015136719
2021-11-03,382.4198303222656
2021-11-04,387.3219909667969
2021-11-05,387.69146728515625
2021-11-08,387.16632080078125
2021-11-09,384.5013122558594
2021-11-10,378.850341796875
2021-11-11,379.9007568359375
2021-11-12,383.8982238769531
2021-11-15,383.8106384277344
2021-11-16,386.54388427734375
2021-11-17,386.748046875
2021-11-18,390.75531005859375
2021-11-19,392.9339599609375
2021-11-22,388.372314453125
2021-11-23,386.6022033691406
2021-11-24,387.84716796875
2021-11-26,380.4939880371094
2021-11-29,388.751708984375
2021-11-30,383.0423889160156
2021-12-01,376.5256652832031
2021-12-02,379.23931884765625
2021-12-03,372.6449279785156
2021-12-06,375.63079833984375
2021-12-07,386.9425964355469
2021-12-08,388.673828125
2021-12-09,382.95477294921875
2021-12-10,387.1177062988281
2021-12-13,381.5250549316406
2021-12-14,377.57611083984375
2021-12-15,386.1839599609375
2021-12-16,376.25335693359375
2021-12-17,374.3761291503906
2021-12-20,370.7445983886719
2021-12-21,379.0419616699219
2021-12-22,383.6582336425781
2021-12-23,386.55059814453125
2021-12-27,392.939208984375
2021-12-28,391.1180419921875
2021-12-29,391.05963134765625
2021-12-30,389.89093017578125
2021-12-31,387.45623779296875
2022-01-03,391.1861877441406
2022-01-04,386.1123046875
2022-01-05,374.25048828125
2022-01-06,373.987548828125
2022-01-07,369.93621826171875
2022-01-10,370.1797180175781
2022-01-11,375.74053955078125
2022-01-12,377.2305908203125
2022-01-13,367.7937316894531
2022-01-14,370.0824279785156
2022-01-18,360.8694763183594
2022-01-19,356.9058532714844
2022-01-20,352.2701416015625
2022-01-21,342.502197265625
2022-01-24,344.07012939453125
2022-01-25,336.0940856933594
2022-01-26,335.5682067871094
2022-01-27,332.1888732910156
2022-01-28,342.6093444824219
2022-01-31,353.5653991699219
2022-02-01,355.9708557128906
2022-02-02,358.86328125
2022-02-03,344.3136901855469
2022-02-04,348.6571350097656
2022-02-07,345.8523254394531
2022-02-08,349.73809814453125
2022-02-09,357.1493225097656
2022-02-10,349.06610107421875
2022-02-11,337.9931640625
2022-02-14,338.4118957519531
2022-02-15,346.826171875
2022-02-16,346.73858642578125
2022-02-17,336.42523193359375
2022-02-18,332.5881042480469
2022-02-22,329.247802734375
2022-02-23,320.8139953613281
2022-02-24,331.5948486328125
2022-02-25,336.7369079589844
2022-02-28,337.7398986816406
2022-03-01,332.5686340332031
2022-03-02,338.1489562988281
2022-03-03,333.3185729980469
2022-03-04,328.48809814453125
2022-03-07,316.3731689453125
2022-03-08,314.9025573730469
2022-03-09,326.23846435546875
2022-03-10,322.61566162109375
2022-03-11,315.9250793457031
2022-03-14,309.85791015625
2022-03-15,319.5771484375
2022-03-16,331.42919921875
2022-03-17,335.4415588378906
2022-03-18,342.30743408203125
2022-03-21,341.35577392578125
2022-03-22,348.06427001953125
2022-03-23,343.0621032714844
2022-03-24,350.6872253417969
2022-03-25,350.3947448730469
2022-03-28,355.816162109375
2022-03-29,361.9397277832031
2022-03-30,357.9417419433594
2022-03-31,353.5052490234375
2022-04-01,352.8325500488281
2022-04-04,360.0967102050781
2022-04-05,352.10113525390625
2022-04-06,344.4565124511719
2022-04-07,345.2755432128906
2022-04-08,340.44891357421875
2022-04-11,332.39483642578125
2022-04-12,330.9906005859375
2022-04-13,337.7187194824219
2022-04-14,329.99603271484375
2022-04-18,330.2496337890625
2022-04-19,337.6309814453125
2022-04-20,332.70672607421875
2022-04-21,325.8226623535156
2022-04-22,317.290771484375
2022-04-25,321.36651611328125
2022-04-26,309.23663330078125
2022-04-27,308.8661193847656
2022-04-28,319.83575439453125
2022-04-29,305.4435729980469
2022-05-02,310.5432434082031
2022-05-03,310.874755859375
2022-05-04,321.3861083984375
2022-05-05,305.1998596191406
2022-05-06,301.543212890625
2022-05-09,289.7447814941406
2022-05-10,293.26483154296875
2022-05-11,284.5671081542969
2022-05-12,283.894287109375
2022-05-13,294.4154052734375
2022-05-16,291.0026550292969
2022-05-17,298.5400085449219
2022-05-18,283.8846435546875
2022-05-19,282.3634338378906
2022-05-20,281.4858703613281
2022-05-23,286.16632080078125
2022-05-24,280.0817565917969
2022-05-25,284.00164794921875
2022-05-26,291.8704833984375
2022-05-27,301.39697265625
2022-05-31,300.597412109375
2022-06-01,298.3742370605469
2022-06-02,306.54547119140625
2022-06-03,298.5692443847656
2022-06-06,299.5638732910156
2022-06-07,302.1477966308594
2022-06-08,299.9733581542969
2022-06-09,291.938720703125
2022-06-10,281.6418762207031
2022-06-13,268.5465393066406
2022-06-14,269.0341796875
2022-06-15,275.7524108886719
2022-06-16,264.6267395019531
2022-06-17,267.844482421875
2022-06-21,274.6021423339844
2022-06-22,274.2015380859375
2022-06-23,278.28521728515625
2022-06-24,287.8203125
2022-06-27,285.7101135253906
2022-06-28,277.0054016113281
2022-06-29,277.2594299316406
2022-06-30,273.8205871582031
2022-07-01,275.62786865234375
2022-07-05,280.34661865234375
2022-07-06,282.1441345214844
2022-07-07,288.1817932128906
2022-07-08,288.5432434082031
2022-07-11,282.378662109375
2022-07-12,279.6431579589844
2022-07-13,279.0668029785156
2022-07-14,280.0633239746094
2022-07-15,285.1434326171875
2022-07-18,282.73040771484375
2022-07-19,291.4252624511719
2022-07-20,296.0462646484375
2022-07-21,300.2960205078125
2022-07-22,295.0301818847656
2022-07-25,293.349853515625
2022-07-26,287.58587646484375
2022-07-27,299.7391357421875
2022-07-28,302.6700134277344
2022-07-29,308.1898498535156
2022-08-01,308.004150390625
2022-08-02,307.0857849121094
2022-08-03,315.4485778808594
2022-08-04,316.9236755371094
2022-08-05,314.334716796875
2022-08-08,313.3187561035156
2022-08-09,309.7724609375
2022-08-10,318.41845703125
2022-08-11,316.611083984375
2022-08-12,322.7757568359375
2022-08-15,325.3842468261719
2022-08-16,324.62213134765625
2022-08-17,320.91943359375
2022-08-18,321.6913146972656
2022-08-19,315.4192199707031
2022-08-22,307.1151428222656
2022-08-23,306.86114501953125
2022-08-24,307.7501525878906
2022-08-25,313.1917419433594
2022-08-26,300.3545837402344
2022-08-29,297.39447021484375
2022-08-30,294.0825500488281
2022-08-31,292.37286376953125
2022-09-01,292.4998779296875
2022-09-02,288.36737060546875
2022-09-06,286.2962341308594
2022-09-07,292.079833984375
2022-09-08,293.5940856933594
2022-09-09,300.0126953125
2022-09-12,303.5785827636719
2022-09-13,286.9313049316406
2022-09-14,289.20758056640625
2022-09-15,284.3912048339844
2022-09-16,282.6522521972656
2022-09-19,284.8533020019531
2022-09-20,282.58270263671875
2022-09-21,277.5227966308594
2022-09-22,274.107177734375
2022-09-23,269.6441955566406
2022-09-26,268.5284423828125
2022-09-27,268.6361389160156
2022-09-28,273.9798889160156
2022-09-29,266.0816955566406
2022-09-30,261.5699157714844
2022-10-03,267.70635986328125
2022-10-04,276.12322998046875
2022-10-05,275.9764404296875
2022-10-06,273.8037414550781
2022-10-07,263.3706970214844
2022-10-10,260.7379455566406
2022-10-11,257.1559143066406
2022-10-12,257.06781005859375
2022-10-13,263.09661865234375
2022-10-14,255.18861389160156
2022-10-17,263.6153259277344
2022-10-18,265.7000732421875
2022-10-19,264.7310485839844
2022-10-20,263.3804626464844
2022-10-21,269.5561218261719
2022-10-24,272.5215759277344
2022-10-25,278.1589660644531
2022-10-26,272.01263427734375
2022-10-27,267.06036376953125
2022-10-28,275.2326354980469
2022-10-31,272.0322570800781
2022-11-01,269.25274658203125
2022-11-02,260.0234375
2022-11-03,254.9440155029297
2022-11-04,259.0447692871094
2022-11-07,261.8927917480469
2022-11-08,263.80126953125
2022-11-09,257.7137451171875
2022-11-10,276.7300720214844
2022-11-11,281.82904052734375
2022-11-14,279.36285400390625
2022-11-15,283.2286682128906
2022-11-16,279.36285400390625
2022-11-17,278.7462158203125
2022-11-18,278.7559814453125
2022-11-21,275.88836669921875
2022-11-22,279.8619079589844
2022-11-23,282.67083740234375
2022-11-25,280.81121826171875
2022-11-28,276.6908874511719
2022-11-29,274.5965270996094
2022-11-30,287.1141357421875
2022-12-01,287.46649169921875
2022-12-02,286.3214111328125
2022-12-05,281.5159606933594
2022-12-06,275.6828308105469
2022-12-07,274.55731201171875
2022-12-08,277.80657958984375
2022-12-09,276.03515625
2022-12-12,279.4997253417969
2022-12-13,282.50439453125
2022-12-14,280.4100036621094
2022-12-15,270.9948425292969
2022-12-16,268.4110107421875
2022-12-19,264.6388244628906
2022-12-20,264.432861328125
2022-12-21,268.2688293457031
2022-12-22,261.70556640625
2022-12-23,262.2941589355469
2022-12-27,258.5857849121094
2022-12-28,255.1717071533203
2022-12-29,261.3915710449219
2022-12-30,261.2345886230469
2023-01-03,259.4687194824219
2023-01-04,260.704833984375
2023-01-05,256.6236877441406
2023-01-06,263.7068176269531
2023-01-09,265.4139404296875
2023-01-10,267.6605529785156
2023-01-11,272.2910461425781
2023-01-12,273.7626037597656
2023-01-13,275.64630126953125
2023-01-17,276.2055358886719
2023-01-18,272.6148681640625
2023-01-19,269.93658447265625
2023-01-20,277.3238525390625
2023-01-23,283.4848937988281
2023-01-24,282.9060363769531
2023-01-25,282.2781066894531
2023-01-26,287.78192138671875
2023-01-27,290.64654541015625
2023-01-30,284.7700500488281
2023-01-31,289.03759765625
2023-02-01,295.21826171875
2023-02-02,305.81353759765625
2023-02-03,300.3786315917969
2023-02-06,297.83770751953125
2023-02-07,304.0085144042969
2023-02-08,298.60284423828125
2023-02-09,295.9638671875
2023-02-10,294.0213928222656
2023-02-13,298.73046875
2023-02-14,300.9378356933594
2023-02-15,303.2432556152344
2023-02-16,297.5531311035156
2023-02-17,295.45367431640625
2023-02-21,288.45880126953125
2023-02-22,288.6746520996094
2023-02-23,291.19598388671875
2023-02-24,286.3201599121094
2023-02-27,288.3704833984375
2023-02-28,287.99774169921875
2023-03-01,285.68243408203125
2023-03-02,288.0467224121094
2023-03-03,294.00177001953125
2023-03-06,294.3353576660156
2023-03-07,290.72503662109375
2023-03-08,292.177001953125
2023-03-09,287.1147766113281
2023-03-10,283.0826416015625
2023-03-13,285.18212890625
2023-03-14,291.7354736328125
2023-03-15,293.2659912109375
2023-03-16,300.99664306640625
2023-03-17,299.5740661621094
2023-03-20,300.6373291015625
2023-03-21,304.9311218261719
2023-03-22,300.78466796875
2023-03-23,304.35137939453125
2023-03-24,305.4715270996094
2023-03-27,303.3786926269531
2023-03-28,301.7672424316406
2023-03-29,307.2696838378906
2023-03-30,310.1780700683594
2023-03-31,315.3365173339844
2023-04-03,314.57012939453125
2023-04-04,313.5090026855469
2023-04-05,310.4139099121094
2023-04-06,312.50677490234375
2023-04-10,312.3298645019531
2023-04-11,310.3254699707031
2023-04-12,307.58404541015625
2023-04-13,313.6072692871094
2023-04-14,313.0177001953125
2023-04-17,313.2829895019531
2023-04-18,313.30267333984375
2023-04-19,313.1552429199219
2023-04-20,310.767578125
2023-04-21,311.09185791015625
2023-04-24,310.4433898925781
2023-04-25,304.58721923828125
2023-04-26,306.43450927734375
2023-04-27,314.7666931152344
2023-04-28,316.9382019042969
2023-05-01,316.57464599609375
2023-05-02,313.8135681152344
2023-05-03,311.760009765625
2023-05-04,310.65948486328125
2023-05-05,317.262451171875
2023-05-08,318.0484924316406
2023-05-09,316.0341796875
2023-05-10,319.47320556640625
2023-05-11,320.5147399902344
2023-05-12,319.3651123046875
2023-05-15,321.0943908691406
2023-05-16,321.4579772949219
2023-05-17,325.3489990234375
2023-05-18,331.3917541503906
2023-05-19,330.6450500488281
2023-05-22,331.75543212890625
2023-05-23,327.54986572265625
2023-05-24,325.8696594238281
2023-05-25,333.79913330078125
2023-05-26,342.32769775390625
2023-05-30,343.88018798828125
2023-05-31,341.9248962402344
2023-06-01,345.8748779296875
2023-06-02,348.4688415527344
2023-06-05,348.7144775390625
2023-06-06,348.655517578125
2023-06-07,342.740478515625
2023-06-08,346.9950256347656
2023-06-09,348.32147216796875
2023-06-12,354.20709228515625
2023-06-13,356.9288024902344
2023-06-14,359.52276611328125
2023-06-15,363.80682373046875
2023-06-16,361.5173645019531
2023-06-20,360.9998779296875
2023-06-21,356.0802917480469
2023-06-22,360.2816162109375
2023-06-23,356.7099609375
2023-06-26,351.9281311035156
2023-06-27,357.9791564941406
2023-06-28,358.6778259277344
2023-06-29,357.9595642089844
2023-06-30,363.47930908203125
2023-07-03,364.3353576660156
2023-07-05,364.32550048828125
2023-07-06,361.55084228515625
2023-07-07,360.3504943847656
2023-07-10,360.46856689453125
2023-07-11,362.2494201660156
2023-07-12,366.8246765136719
2023-07-13,373.0528869628906
2023-07-14,372.97418212890625
2023-07-17,376.45721435546875
2023-07-18,379.5368957519531
2023-07-19,379.4483642578125
2023-07-20,370.7012634277344
2023-07-21,369.5895080566406
2023-07-24,370.17987060546875
2023-07-25,372.6888427734375
2023-07-26,371.4490966796875
2023-07-27,370.56353759765625
2023-07-28,377.3132019042969
2023-07-31,377.510009765625
2023-08-01,376.6343078613281
2023-08-02,368.3694763183594
2023-08-03,367.779052734375
2023-08-04,366.0572509765625
2023-08-07,369.1565856933594
2023-08-08,366.0178527832031
2023-08-09,361.99365234375
2023-08-10,362.6626892089844
2023-08-11,360.3504943847656
2023-08-14,364.3943786621094
2023-08-15,360.5276184082031
2023-08-16,356.7099609375
2023-08-17,352.81365966796875
2023-08-18,352.3709411621094
2023-08-21,358.0481262207031
2023-08-22,357.5364685058594
2023-08-23,363.17431640625
2023-08-24,355.41119384765625
2023-08-25,358.16619873046875
2023-08-28,360.86212158203125
2023-08-29,368.7432861328125
2023-08-30,370.7996520996094
2023-08-31,371.9114990234375
2023-09-01,371.5179443359375
2023-09-05,371.990234375
2023-09-06,368.7137451171875
2023-09-07,366.076904296875
2023-09-08,366.5885009765625
2023-09-11,370.90789794921875
2023-09-12,366.795166015625
2023-09-13,368.1923522949219
2023-09-14,371.2030944824219
2023-09-15,364.8470153808594
2023-09-18,365.22735595703125
2023-09-19,364.44891357421875
2023-09-20,359.1969909667969
2023-09-21,352.61492919921875
2023-09-22,352.6641845703125
2023-09-25,354.3392639160156
2023-09-26,349.0184020996094
2023-09-27,349.8362731933594
2023-09-28,352.76275634765625
2023-09-29,353.0189208984375
2023-10-02,355.96514892578125
2023-10-03,349.718017578125
2023-10-04,354.4772644042969
2023-10-05,353.4327697753906
2023-10-06,359.3547058105469
2023-10-09,361.1874084472656
2023-10-10,363.1876525878906
2023-10-11,365.7791442871094
2023-10-12,364.5080261230469
2023-10-13,359.9261169433594
2023-10-16,363.99566650390625
2023-10-17,362.8033752441406
2023-10-18,358.04412841796875
2023-10-19,354.6940002441406
2023-10-20,349.4027099609375
2023-10-23,350.4570007324219
2023-10-24,353.86627197265625
2023-10-25,345.2051696777344
2023-10-26,338.623046875
2023-10-27,340.24884033203125
2023-10-30,344.08184814453125
2023-10-31,345.7273864746094
2023-11-01,351.7281188964844
2023-11-02,358.1131286621094
2023-11-03,362.3205261230469
2023-11-06,363.798583984375
2023-11-07,367.2374267578125
2023-11-08,367.4739685058594
2023-11-09,364.6459655761719
2023-11-10,372.84405517578125
2023-11-13,371.6812438964844
2023-11-14,379.6822814941406
2023-11-15,379.968017578125
2023-11-16,380.2932434082031
2023-11-17,380.3819274902344
2023-11-20,385.0130310058594
2023-11-21,382.7762756347656
2023-11-22,384.34295654296875
2023-11-24,383.8010559082031
2023-11-27,383.466064453125
2023-11-28,384.4710998535156
2023-11-29,384.0966491699219
2023-11-30,383.13104248046875
2023-12-01,384.2247619628906
2023-12-04,380.65777587890625
2023-12-05,381.61358642578125
2023-12-06,379.40643310546875
2023-12-07,384.70751953125
2023-12-08,386.42205810546875
2023-12-11,389.7229919433594
2023-12-12,392.8267822265625
2023-12-13,397.822509765625
2023-12-14,397.4776611328125
2023-12-15,399.3990173339844
2023-12-18,401.9147033691406
2023-12-19,403.9682922363281
2023-12-20,397.9654541015625
2023-12-21,402.595947265625
2023-12-22,403.1982421875
2023-12-26,405.66644287109375
2023-12-27,406.4923400878906
2023-12-28,406.29473876953125
2023-12-29,404.5364074707031
2024-01-02,397.69073486328125
2024-01-03,393.48260498046875
2024-01-04,391.4574890136719
2024-01-05,391.921875
2024-01-08,400.02203369140625
2024-01-09,400.812255859375
2024-01-10,403.5288391113281
2024-01-11,404.3684997558594
2024-01-12,404.5758972167969
2024-01-16,404.5364074707031
2024-01-17,402.25445556640625
2024-01-18,407.96417236328125
2024-01-19,416.05450439453125
2024-01-22,416.5978698730469
2024-01-23,418.3265686035156
2024-01-24,420.6479187011719
2024-01-25,421.1616516113281
2024-01-26,418.6524963378906
2024-01-29,422.939697265625
2024-01-30,420.12432861328125
2024-01-31,411.895751953125
2024-02-01,416.74603271484375
2024-02-02,423.78924560546875
2024-02-05,423.236083984375
2024-02-06,422.3865661621094
2024-02-07,426.73297119140625
2024-02-08,427.52325439453125
2024-02-09,431.7313537597656
2024-02-12,430.04217529296875
2024-02-13,423.3348388671875
2024-02-14,427.9480285644531
2024-02-15,429.2223205566406
2024-02-16,425.33026123046875
2024-02-20,422.11981201171875
2024-02-21,420.4306335449219
2024-02-22,432.73895263671875
2024-02-23,431.4646301269531
2024-02-26,431.2374267578125
2024-02-27,432.27471923828125
2024-02-28,429.9729919433594
2024-02-29,433.6576843261719
2024-03-01,440.18719482421875
2024-03-04,438.6165771484375
2024-03-05,430.74359130859375
2024-03-06,433.4502258300781
2024-03-07,440.02923583984375
2024-03-08,433.6773986816406
2024-03-11,432.0672607421875
2024-03-12,438.2609558105469
2024-03-13,434.8924560546875
2024-03-14,433.79595947265625
2024-03-15,428.6395263671875
2024-03-18,432.7276306152344
2024-03-19,433.8057861328125
2024-03-20,438.9492492675781
2024-03-21,441.0264892578125
2024-03-22,441.5309143066406
2024-03-25,439.92852783203125
2024-03-26,438.504150390625
2024-03-27,439.99774169921875
2024-03-28,439.1866760253906
2024-04-01,440.1164855957031
2024-04-02,436.31817626953125
2024-04-03,437.29742431640625
2024-04-04,430.6108703613281
2024-04-05,435.6850891113281
2024-04-08,435.813720703125
2024-04-09,437.426025390625
2024-04-10,433.60797119140625
2024-04-11,440.5318908691406
2024-04-12,433.5090026855469
2024-04-15,426.3773498535156
2024-04-16,426.41693115234375
2024-04-17,421.21405029296875
2024-04-18,418.8104553222656
2024-04-19,410.1455993652344
2024-04-22,414.270263671875
2024-04-23,420.4524230957031
2024-04-24,421.87677001953125
2024-04-25,419.83917236328125
2024-04-26,426.3179931640625
2024-04-29,428.0489501953125
2024-04-30,419.97760009765625
2024-05-01,416.94097900390625
2024-05-02,422.2624816894531
2024-05-03,430.7492980957031
2024-05-06,435.4674987792969
2024-05-07,435.5367431640625
2024-05-08,435.2795715332031
2024-05-09,436.2290954589844
2024-05-10,437.25787353515625
2024-05-13,438.2667541503906
2024-05-14,441.0858459472656
2024-05-15,447.9801025390625
2024-05-16,447.0700988769531
2024-05-17,446.85247802734375
2024-05-20,449.96826171875
2024-05-21,450.84857177734375
2024-05-22,450.7596130371094
2024-05-23,448.7318420410156
2024-05-24,452.9752197265625
2024-05-28,454.68646240234375
2024-05-29,451.48162841796875
2024-05-30,446.6447448730469
2024-05-31,445.8138732910156
2024-06-03,448.2075500488281
2024-06-04,449.43414306640625
2024-06-05,458.4945983886719
2024-06-06,458.3363342285156
2024-06-07,457.9308166503906
2024-06-10,459.7804870605469
2024-06-11,462.935791015625
2024-06-12,468.9992370605469
2024-06-13,471.5412902832031
2024-06-14,473.9844665527344
2024-06-17,479.79071044921875
2024-06-18,479.9390869140625
2024-06-20,476.2397766113281
2024-06-21,474.9637756347656
2024-06-24,469.55645751953125
2024-06-25,474.92608642578125
2024-06-26,475.9068908691406
2024-06-27,477.1353759765625
2024-06-28,474.6585998535156
2024-07-01,477.4425354003906
2024-07-02,482.45556640625
2024-07-03,486.4777526855469
2024-07-05,491.55023193359375
2024-07-08,492.71923828125
2024-07-09,493.14520263671875
2024-07-10,498.2869873046875
2024-07-11,487.3594970703125
2024-07-12,490.2226867675781
2024-07-15,491.5402526855469
2024-07-16,491.7284851074219
2024-07-17,477.29388427734375
2024-07-18,475.0350646972656
2024-07-19,470.8246154785156
2024-07-22,477.8387756347656
2024-07-23,476.15460205078125
2024-07-24,459.07476806640625
2024-07-25,454.0122375488281
2024-07-26,458.6685485839844
2024-07-29,459.5899353027344
2024-07-30,453.2790832519531
2024-07-31,466.69329833984375
2024-08-01,455.38934326171875
2024-08-02,444.5807189941406
2024-08-05,431.3249816894531
2024-08-06,435.44635009765625
2024-08-07,430.73052978515625
2024-08-08,443.906982421875
2024-08-09,446.22528076171875
2024-08-12,447.1862487792969
2024-08-13,458.2821960449219
2024-08-14,458.4308166503906
2024-08-15,470.0122375488281
2024-08-16,470.6164855957031
2024-08-19,476.7984924316406
2024-08-20,475.7979431152344
2024-08-21,478.01715087890625
2024-08-22,470.438232421875
2024-08-23,475.5403137207031
2024-08-26,470.9236145019531
2024-08-27,472.3304138183594
2024-08-28,466.970703125
2024-08-29,466.287109375
2024-08-30,471.844970703125
2024-09-03,457.5193176269531
2024-09-04,456.3304748535156
2024-09-05,456.7565002441406
2024-09-06,444.5212707519531
2024-09-09,450.2376403808594
2024-09-10,454.39862060546875
2024-09-11,464.2660827636719
2024-09-12,468.8233642578125
2024-09-13,470.9236145019531
2024-09-16,468.8431396484375
2024-09-17,469.0908508300781
2024-09-18,467.0598449707031
2024-09-19,478.8690490722656
2024-09-20,477.9576416015625
2024-09-23,479.224609375
2024-09-24,481.5361633300781
2024-09-25,481.98260498046875
2024-09-26,485.60382080078125
2024-09-27,482.9052734375
2024-09-30,484.2148742675781
2024-10-01,477.46856689453125
2024-10-02,478.1432189941406
2024-10-03,477.7860107421875
2024-10-04,483.47076416015625
2024-10-07,478.2919921875
2024-10-08,485.4351501464844
2024-10-09,489.2547302246094
2024-10-10,488.6991271972656
2024-10-11,489.4631042480469
2024-10-14,493.5703430175781
2024-10-15,486.972900390625
2024-10-16,487.03240966796875
2024-10-17,487.36968994140625
2024-10-18,490.5643005371094
2024-10-21,491.5068054199219
2024-10-22,492.0425109863281
2024-10-23,484.5025329589844
2024-10-24,488.4312744140625
2024-10-25,491.4076232910156
2024-10-28,491.4869384765625
2024-10-29,496.2093811035156
2024-10-30,492.45916748046875
2024-10-31,480.0281982421875
2024-11-01,483.57989501953125
2024-11-04,482.1711120605469
2024-11-05,488.3221435546875
2024-11-06,501.5865478515625
2024-11-07,509.4836120605469
2024-11-08,510.0789489746094
2024-11-11,509.7813415527344
2024-11-12,508.858642578125
2024-11-13,508.203857421875
2024-11-14,504.6719970703125
2024-11-15,492.6476745605469
2024-11-18,496.0704650878906
2024-11-19,499.4833068847656
2024-11-20,499.1955871582031
2024-11-21,500.9913024902344
2024-11-22,501.7948913574219
2024-11-25,502.5885925292969
2024-11-26,505.2870788574219
2024-11-27,501.3087463378906
2024-11-29,505.7137145996094
2024-12-02,511.2198486328125
2024-12-03,512.7872924804688
2024-12-04,519.1268920898438
2024-12-05,517.6884155273438
2024-12-06,522.3214111328125
2024-12-09,518.2538452148438
2024-12-10,516.4879150390625
2024-12-11,525.7342529296875
2024-12-12,522.34130859375
2024-12-13,526.3394775390625
2024-12-16,533.9191284179688
2024-12-17,531.5677490234375
2024-12-18,512.3905029296875
2024-12-19,510.10870361328125
2024-12-20,514.563232421875
2024-12-23,519.5764770507812
2024-12-24,526.621826171875
2024-12-26,526.2640380859375
2024-12-27,519.2683715820312
2024-12-30,512.3621215820312
2024-12-31,508.0097961425781
